<?xml version="1.0" encoding="UTF-8" standalone="yes"?>
<Exclusions>
  <packages>
    <package name="android.hardware.usb"/>
    <package name="android.hardware"/>
    <package name="android.drm"/>
    <package name="android.database.sqlite"/>
    <package name="android.database"/>
    <package name="android.accessibilityservice"/>
    <package name="android.nfc"/>
    <package name="android.nfc.tech"/>
    <package name="android.annotation"/>
    <package name="android.content.pm"/>
    <package name="android.content"/>
    <package name="android.content.res"/>
    <package name="android.bluetooth"/>
    <package name="android.view"/>
    <package name="android.view.textservice"/>
    <package name="android.view.inputmethod"/>
    <package name="android.view.accessibility"/>
    <package name="android.view.animation"/>
    <package name="android.sax"/>
    <package name="android.preference"/>
    <package name="android.speech.tts"/>
    <package name="android.speech"/>
    <package name="android.telephony.gsm"/>
    <package name="android.telephony"/>
    <package name="android.telephony.cdma"/>
    <package name="android.graphics.drawable"/>
    <package name="android.graphics.drawable.shapes"/>
    <package name="android.graphics"/>
    <package name="android.opengl"/>
    <package name="android.provider"/>
    <package name="android.os.storage"/>
    <package name="android.os"/>
    <package name="android.inputmethodservice"/>
    <package name="android"/>
    <package name="android.service.wallpaper"/>
    <package name="android.service.textservice"/>
    <package name="android.test.suitebuilder"/>
    <package name="android.test.mock"/>
    <package name="android.test"/>
    <package name="android.accounts"/>
    <package name="android.animation"/>
    <package name="android.text.method"/>
    <package name="android.text"/>
    <package name="android.text.format"/>
    <package name="android.text.style"/>
    <package name="android.text.util"/>
    <package name="android.net.rtp"/>
    <package name="android.net.sip"/>
    <package name="android.net.wifi.p2p"/>
    <package name="android.net.wifi"/>
    <package name="android.net"/>
    <package name="android.net.http"/>
    <package name="android.mtp"/>
    <package name="android.location"/>
    <package name="android.webkit"/>
    <package name="android.media"/>
    <package name="android.media.effect"/>
    <package name="android.media.audiofx"/>
    <package name="android.widget"/>
    <package name="android.gesture"/>
    <package name="android.app.backup"/>
    <package name="android.app"/>
    <package name="android.app.admin"/>
    <package name="android.util"/>
    <package name="android.renderscript"/>
    <package name="android.appwidget"/>
    <package name="android.security"/>
    <package name="org.w3c.dom.traversal"/>
    <package name="org.w3c.dom.ls"/>
    <package name="org.w3c.dom.views"/>
    <package name="org.w3c.dom.css"/>
    <package name="org.w3c.dom"/>
    <package name="org.w3c.dom.ranges"/>
    <package name="org.w3c.dom.events"/>
    <package name="org.w3c.dom.bootstrap"/>
    <package name="org.w3c.dom.html"/>
    <package name="org.w3c.dom.stylesheets"/>
    <package name="org.xml.sax"/>
    <package name="org.xml.sax.helpers"/>
    <package name="org.xml.sax.ext"/>
    <package name="org.xmlpull.v1.sax2"/>
    <package name="org.xmlpull.v1"/>
    <package name="org.ietf.jgss"/>
    <package name="org.exolab.castor.dsml.schema"/>
    <package name="org.exolab.castor.dsml.mozilla"/>
    <package name="org.exolab.castor.dsml.jndi"/>
    <package name="org.exolab.castor.dsml"/>
    <package name="org.exolab.castor.dsml.tools"/>
    <package name="org.exolab.castor.xml.wls8"/>
    <package name="org.exolab.castor.xml.handlers"/>
    <package name="org.exolab.castor.xml.validators"/>
    <package name="org.exolab.castor.xml.location"/>
    <package name="org.exolab.castor.xml"/>
    <package name="org.exolab.castor.xml.descriptors"/>
    <package name="org.exolab.castor.xml.util.resolvers"/>
    <package name="org.exolab.castor.xml.util"/>
    <package name="org.exolab.castor.core.exceptions"/>
    <package name="org.exolab.castor.mapping.xml"/>
    <package name="org.exolab.castor.mapping.xml.types"/>
    <package name="org.exolab.castor.mapping.xml.types.descriptors"/>
    <package name="org.exolab.castor.mapping.xml.descriptors"/>
    <package name="org.exolab.castor.mapping.loader"/>
    <package name="org.exolab.castor.mapping"/>
    <package name="org.exolab.castor.mapping.handlers"/>
    <package name="org.exolab.castor.types"/>
    <package name="org.exolab.castor.tools"/>
    <package name="org.exolab.castor.net"/>
    <package name="org.exolab.castor.net.util"/>
    <package name="org.exolab.castor.util"/>
    <package name="org.exolab.castor.util.dialog"/>
    <package name="org.castor.xml"/>
    <package name="org.castor.core.exceptions"/>
    <package name="org.castor.core"/>
    <package name="org.castor.core.util"/>
    <package name="org.castor.mapping"/>
    <package name="org.castor.util.concurrent"/>
    <package name="org.castor.util"/>
    <package name="org.jfree.layout"/>
    <package name="org.jfree.date"/>
    <package name="org.jfree.io"/>
    <package name="org.jfree.base.log"/>
    <package name="org.jfree.base.config"/>
    <package name="org.jfree.base.modules"/>
    <package name="org.jfree.base"/>
    <package name="org.jfree"/>
    <package name="org.jfree.resources"/>
    <package name="org.jfree.ui.action"/>
    <package name="org.jfree.ui.about"/>
    <package name="org.jfree.ui.about.resources"/>
    <package name="org.jfree.ui"/>
    <package name="org.jfree.ui.tabbedui"/>
    <package name="org.jfree.text"/>
    <package name="org.jfree.data.time"/>
    <package name="org.jfree.data.contour"/>
    <package name="org.jfree.data.xml"/>
    <package name="org.jfree.data.statistics"/>
    <package name="org.jfree.data.io"/>
    <package name="org.jfree.data.function"/>
    <package name="org.jfree.data.resources"/>
    <package name="org.jfree.data.gantt"/>
    <package name="org.jfree.data"/>
    <package name="org.jfree.data.category"/>
    <package name="org.jfree.data.xy"/>
    <package name="org.jfree.data.general"/>
    <package name="org.jfree.data.jdbc"/>
    <package name="org.jfree.util"/>
    <package name="org.jfree.threads"/>
    <package name="org.jfree.chart.encoders"/>
    <package name="org.jfree.chart.editor"/>
    <package name="org.jfree.chart.block"/>
    <package name="org.jfree.chart.entity"/>
    <package name="org.jfree.chart.urls"/>
    <package name="org.jfree.chart.title"/>
    <package name="org.jfree.chart.demo"/>
    <package name="org.jfree.chart.needle"/>
    <package name="org.jfree.chart"/>
    <package name="org.jfree.chart.axis"/>
    <package name="org.jfree.chart.annotations"/>
    <package name="org.jfree.chart.resources"/>
    <package name="org.jfree.chart.imagemap"/>
    <package name="org.jfree.chart.labels"/>
    <package name="org.jfree.chart.event"/>
    <package name="org.jfree.chart.servlet"/>
    <package name="org.jfree.chart.plot"/>
    <package name="org.jfree.chart.util"/>
    <package name="org.jfree.chart.renderer.category"/>
    <package name="org.jfree.chart.renderer.xy"/>
    <package name="org.jfree.chart.renderer"/>
    <package name="org.springframework.oxm.xstream"/>
    <package name="org.springframework.oxm.support"/>
    <package name="org.springframework.oxm.jaxb"/>
    <package name="org.springframework.oxm.mime"/>
    <package name="org.springframework.oxm.jibx"/>
    <package name="org.springframework.oxm.config"/>
    <package name="org.springframework.oxm"/>
    <package name="org.springframework.oxm.castor"/>
    <package name="org.springframework.oxm.xmlbeans"/>
    <package name="org.springframework.ejb.support"/>
    <package name="org.springframework.ejb.interceptor"/>
    <package name="org.springframework.ejb.config"/>
    <package name="org.springframework.ejb.access"/>
    <package name="org.springframework.instrument.classloading.tomcat"/>
    <package name="org.springframework.instrument.classloading.glassfish"/>
    <package name="org.springframework.instrument.classloading.oc4j"/>
    <package name="org.springframework.instrument.classloading.jboss"/>
    <package name="org.springframework.instrument.classloading"/>
    <package name="org.springframework.instrument.classloading.weblogic"/>
    <package name="org.springframework.instrument"/>
    <package name="org.springframework.jca.endpoint"/>
    <package name="org.springframework.jca.support"/>
    <package name="org.springframework.jca.cci.connection"/>
    <package name="org.springframework.jca.cci.core.support"/>
    <package name="org.springframework.jca.cci.core"/>
    <package name="org.springframework.jca.cci.object"/>
    <package name="org.springframework.jca.cci"/>
    <package name="org.springframework.jca.context"/>
    <package name="org.springframework.jca.work.glassfish"/>
    <package name="org.springframework.jca.work.jboss"/>
    <package name="org.springframework.jca.work"/>
    <package name="org.springframework.core.type.classreading"/>
    <package name="org.springframework.core.type"/>
    <package name="org.springframework.core.type.filter"/>
    <package name="org.springframework.core.convert.support"/>
    <package name="org.springframework.core.convert"/>
    <package name="org.springframework.core.convert.converter"/>
    <package name="org.springframework.core.annotation"/>
    <package name="org.springframework.core.io.support"/>
    <package name="org.springframework.core.io"/>
    <package name="org.springframework.core.task.support"/>
    <package name="org.springframework.core.task"/>
    <package name="org.springframework.core.env"/>
    <package name="org.springframework.core.serializer.support"/>
    <package name="org.springframework.core.serializer"/>
    <package name="org.springframework.core.enums"/>
    <package name="org.springframework.core"/>
    <package name="org.springframework.core.style"/>
    <package name="org.springframework.scripting.support"/>
    <package name="org.springframework.scripting.config"/>
    <package name="org.springframework.scripting"/>
    <package name="org.springframework.scripting.groovy"/>
    <package name="org.springframework.scripting.jruby"/>
    <package name="org.springframework.scripting.bsh"/>
    <package name="org.springframework.cache.ehcache"/>
    <package name="org.springframework.cache.support"/>
    <package name="org.springframework.cache.interceptor"/>
    <package name="org.springframework.cache.aspectj"/>
    <package name="org.springframework.cache.annotation"/>
    <package name="org.springframework.cache.config"/>
    <package name="org.springframework.cache"/>
    <package name="org.springframework.cache.transaction"/>
    <package name="org.springframework.beans.support"/>
    <package name="org.springframework.beans.annotation"/>
    <package name="org.springframework.beans.factory.xml"/>
    <package name="org.springframework.beans.factory.generic"/>
    <package name="org.springframework.beans.factory.support"/>
    <package name="org.springframework.beans.factory.aspectj"/>
    <package name="org.springframework.beans.factory.annotation"/>
    <package name="org.springframework.beans.factory.parsing"/>
    <package name="org.springframework.beans.factory.config"/>
    <package name="org.springframework.beans.factory.access"/>
    <package name="org.springframework.beans.factory.access.el"/>
    <package name="org.springframework.beans.factory.wiring"/>
    <package name="org.springframework.beans.factory"/>
    <package name="org.springframework.beans.factory.serviceloader"/>
    <package name="org.springframework.beans.propertyeditors"/>
    <package name="org.springframework.beans"/>
    <package name="org.springframework.asm"/>
    <package name="org.springframework.asm.signature"/>
    <package name="org.springframework.asm.commons"/>
    <package name="org.springframework.asm.util"/>
    <package name="org.springframework.build.gradle"/>
    <package name="org.springframework.metadata"/>
    <package name="org.springframework.metadata.commons"/>
    <package name="org.springframework.mock.staticmock"/>
    <package name="org.springframework.mock.env"/>
    <package name="org.springframework.mock.http"/>
    <package name="org.springframework.mock.http.client"/>
    <package name="org.springframework.mock.jndi"/>
    <package name="org.springframework.mock.web.portlet"/>
    <package name="org.springframework.mock.web"/>
    <package name="org.springframework.mail.javamail"/>
    <package name="org.springframework.mail"/>
    <package name="org.springframework.aop.support.annotation"/>
    <package name="org.springframework.aop.support"/>
    <package name="org.springframework.aop.interceptor"/>
    <package name="org.springframework.aop.aspectj.annotation"/>
    <package name="org.springframework.aop.aspectj"/>
    <package name="org.springframework.aop.aspectj.autoproxy"/>
    <package name="org.springframework.aop.config"/>
    <package name="org.springframework.aop"/>
    <package name="org.springframework.aop.target.dynamic"/>
    <package name="org.springframework.aop.target"/>
    <package name="org.springframework.aop.framework"/>
    <package name="org.springframework.aop.framework.adapter"/>
    <package name="org.springframework.aop.framework.autoproxy.target"/>
    <package name="org.springframework.aop.framework.autoproxy"/>
    <package name="org.springframework.aop.scope"/>
    <package name="org.springframework.http.server"/>
    <package name="org.springframework.http.client.support"/>
    <package name="org.springframework.http.client"/>
    <package name="org.springframework.http"/>
    <package name="org.springframework.http.converter.xml"/>
    <package name="org.springframework.http.converter.support"/>
    <package name="org.springframework.http.converter.json"/>
    <package name="org.springframework.http.converter"/>
    <package name="org.springframework.http.converter.feed"/>
    <package name="org.springframework.stereotype"/>
    <package name="org.springframework.expression"/>
    <package name="org.springframework.expression.spel.ast"/>
    <package name="org.springframework.expression.spel.support"/>
    <package name="org.springframework.expression.spel.standard"/>
    <package name="org.springframework.expression.spel"/>
    <package name="org.springframework.expression.common"/>
    <package name="org.springframework.ui"/>
    <package name="org.springframework.ui.jasperreports"/>
    <package name="org.springframework.ui.velocity"/>
    <package name="org.springframework.ui.context.support"/>
    <package name="org.springframework.ui.context"/>
    <package name="org.springframework.ui.freemarker"/>
    <package name="org.springframework.jndi.support"/>
    <package name="org.springframework.jndi"/>
    <package name="org.springframework.jms.connection"/>
    <package name="org.springframework.jms.core.support"/>
    <package name="org.springframework.jms.core"/>
    <package name="org.springframework.jms.support.destination"/>
    <package name="org.springframework.jms.support"/>
    <package name="org.springframework.jms.support.converter"/>
    <package name="org.springframework.jms"/>
    <package name="org.springframework.jms.config"/>
    <package name="org.springframework.jms.listener.serversession"/>
    <package name="org.springframework.jms.listener.endpoint"/>
    <package name="org.springframework.jms.listener"/>
    <package name="org.springframework.jms.listener.adapter"/>
    <package name="org.springframework.jms.remoting"/>
    <package name="org.springframework.orm.ibatis.support"/>
    <package name="org.springframework.orm.ibatis"/>
    <package name="org.springframework.orm.jdo.support"/>
    <package name="org.springframework.orm.jdo"/>
    <package name="org.springframework.orm.toplink.support"/>
    <package name="org.springframework.orm.toplink"/>
    <package name="org.springframework.orm.hibernate4.support"/>
    <package name="org.springframework.orm.hibernate4"/>
    <package name="org.springframework.orm"/>
    <package name="org.springframework.orm.hibernate3.support"/>
    <package name="org.springframework.orm.hibernate3.annotation"/>
    <package name="org.springframework.orm.hibernate3"/>
    <package name="org.springframework.orm.jpa.support"/>
    <package name="org.springframework.orm.jpa.aspectj"/>
    <package name="org.springframework.orm.jpa"/>
    <package name="org.springframework.orm.jpa.vendor"/>
    <package name="org.springframework.orm.jpa.persistenceunit"/>
    <package name="org.springframework.cglib.transform.impl"/>
    <package name="org.springframework.cglib.transform"/>
    <package name="org.springframework.cglib.beans"/>
    <package name="org.springframework.cglib.reflect"/>
    <package name="org.springframework.cglib"/>
    <package name="org.springframework.cglib.util"/>
    <package name="org.springframework.test.annotation"/>
    <package name="org.springframework.test.jpa"/>
    <package name="org.springframework.test.context.junit4"/>
    <package name="org.springframework.test.context.junit4.statements"/>
    <package name="org.springframework.test.context.support"/>
    <package name="org.springframework.test.context.junit38"/>
    <package name="org.springframework.test.context.testng"/>
    <package name="org.springframework.test.context.web"/>
    <package name="org.springframework.test.context"/>
    <package name="org.springframework.test.context.transaction"/>
    <package name="org.springframework.test.web"/>
    <package name="org.springframework.test.web.client"/>
    <package name="org.springframework.test.web.client.response"/>
    <package name="org.springframework.test.web.client.match"/>
    <package name="org.springframework.test.web.servlet"/>
    <package name="org.springframework.test.web.servlet.setup"/>
    <package name="org.springframework.test.web.servlet.request"/>
    <package name="org.springframework.test.web.servlet.result"/>
    <package name="org.springframework.test.util"/>
    <package name="org.springframework.test"/>
    <package name="org.springframework.test.jdbc"/>
    <package name="org.springframework.dao.support"/>
    <package name="org.springframework.dao.annotation"/>
    <package name="org.springframework.dao"/>
    <package name="org.springframework.remoting.rmi"/>
    <package name="org.springframework.remoting.support"/>
    <package name="org.springframework.remoting.jaxws"/>
    <package name="org.springframework.remoting.httpinvoker"/>
    <package name="org.springframework.remoting.jaxrpc.support"/>
    <package name="org.springframework.remoting.jaxrpc"/>
    <package name="org.springframework.remoting"/>
    <package name="org.springframework.remoting.soap"/>
    <package name="org.springframework.remoting.caucho"/>
    <package name="org.springframework.validation.support"/>
    <package name="org.springframework.validation.annotation"/>
    <package name="org.springframework.validation"/>
    <package name="org.springframework.validation.beanvalidation"/>
    <package name="org.springframework.format.support"/>
    <package name="org.springframework.format.annotation"/>
    <package name="org.springframework.format.datetime"/>
    <package name="org.springframework.format.datetime.joda"/>
    <package name="org.springframework.format"/>
    <package name="org.springframework.format.number"/>
    <package name="org.springframework.context.support"/>
    <package name="org.springframework.context.weaving"/>
    <package name="org.springframework.context.annotation.aspectj"/>
    <package name="org.springframework.context.annotation"/>
    <package name="org.springframework.context.config"/>
    <package name="org.springframework.context.i18n"/>
    <package name="org.springframework.context"/>
    <package name="org.springframework.context.access"/>
    <package name="org.springframework.context.expression"/>
    <package name="org.springframework.context.event"/>
    <package name="org.springframework.web.jsf"/>
    <package name="org.springframework.web.jsf.el"/>
    <package name="org.springframework.web.portlet.handler"/>
    <package name="org.springframework.web.portlet.multipart"/>
    <package name="org.springframework.web.portlet.bind.annotation"/>
    <package name="org.springframework.web.portlet.bind"/>
    <package name="org.springframework.web.portlet.context"/>
    <package name="org.springframework.web.portlet.util"/>
    <package name="org.springframework.web.portlet.mvc.annotation"/>
    <package name="org.springframework.web.portlet.mvc"/>
    <package name="org.springframework.web.multipart.support"/>
    <package name="org.springframework.web.multipart.commons"/>
    <package name="org.springframework.web.multipart"/>
    <package name="org.springframework.web.method.support"/>
    <package name="org.springframework.web.method"/>
    <package name="org.springframework.web"/>
    <package name="org.springframework.web.accept"/>
    <package name="org.springframework.web.bind.support"/>
    <package name="org.springframework.web.bind.annotation.support"/>
    <package name="org.springframework.web.bind.annotation"/>
    <package name="org.springframework.web.bind"/>
    <package name="org.springframework.web.struts"/>
    <package name="org.springframework.web.client.support"/>
    <package name="org.springframework.web.client"/>
    <package name="org.springframework.web.servlet.handler"/>
    <package name="org.springframework.web.servlet.support"/>
    <package name="org.springframework.web.servlet.theme"/>
    <package name="org.springframework.web.servlet.config.annotation"/>
    <package name="org.springframework.web.servlet.config"/>
    <package name="org.springframework.web.servlet.i18n"/>
    <package name="org.springframework.web.servlet.view.tiles3"/>
    <package name="org.springframework.web.servlet.view.xslt"/>
    <package name="org.springframework.web.servlet.view.document"/>
    <package name="org.springframework.web.servlet.view.xml"/>
    <package name="org.springframework.web.servlet.view.tiles2"/>
    <package name="org.springframework.web.servlet.view"/>
    <package name="org.springframework.web.servlet.view.jasperreports"/>
    <package name="org.springframework.web.servlet.view.json"/>
    <package name="org.springframework.web.servlet.view.velocity"/>
    <package name="org.springframework.web.servlet.view.tiles"/>
    <package name="org.springframework.web.servlet.view.freemarker"/>
    <package name="org.springframework.web.servlet.view.feed"/>
    <package name="org.springframework.web.servlet.tags"/>
    <package name="org.springframework.web.servlet.tags.form"/>
    <package name="org.springframework.web.servlet.resource"/>
    <package name="org.springframework.web.servlet"/>
    <package name="org.springframework.web.servlet.mvc.support"/>
    <package name="org.springframework.web.servlet.mvc.annotation"/>
    <package name="org.springframework.web.servlet.mvc.method"/>
    <package name="org.springframework.web.servlet.mvc.condition"/>
    <package name="org.springframework.web.servlet.mvc.multiaction"/>
    <package name="org.springframework.web.servlet.mvc"/>
    <package name="org.springframework.web.context.support"/>
    <package name="org.springframework.web.context"/>
    <package name="org.springframework.web.context.request.async"/>
    <package name="org.springframework.web.context.request"/>
    <package name="org.springframework.web.filter"/>
    <package name="org.springframework.web.util"/>
    <package name="org.springframework.util.xml"/>
    <package name="org.springframework.util.comparator"/>
    <package name="org.springframework.util"/>
    <package name="org.springframework.scheduling.backportconcurrent"/>
    <package name="org.springframework.scheduling.support"/>
    <package name="org.springframework.scheduling.aspectj"/>
    <package name="org.springframework.scheduling.concurrent"/>
    <package name="org.springframework.scheduling.quartz"/>
    <package name="org.springframework.scheduling"/>
    <package name="org.springframework.scheduling.annotation"/>
    <package name="org.springframework.scheduling.config"/>
    <package name="org.springframework.scheduling.timer"/>
    <package name="org.springframework.scheduling.commonj"/>
    <package name="org.springframework.jdbc.core.simple"/>
    <package name="org.springframework.jdbc.core.support"/>
    <package name="org.springframework.jdbc.core.namedparam"/>
    <package name="org.springframework.jdbc.core.metadata"/>
    <package name="org.springframework.jdbc.core"/>
    <package name="org.springframework.jdbc.support.xml"/>
    <package name="org.springframework.jdbc.support"/>
    <package name="org.springframework.jdbc.support.nativejdbc"/>
    <package name="org.springframework.jdbc.support.incrementer"/>
    <package name="org.springframework.jdbc.support.lob"/>
    <package name="org.springframework.jdbc.support.rowset"/>
    <package name="org.springframework.jdbc.config"/>
    <package name="org.springframework.jdbc.object"/>
    <package name="org.springframework.jdbc"/>
    <package name="org.springframework.jdbc.datasource.init"/>
    <package name="org.springframework.jdbc.datasource.embedded"/>
    <package name="org.springframework.jdbc.datasource.lookup"/>
    <package name="org.springframework.jdbc.datasource"/>
    <package name="org.springframework.transaction.support"/>
    <package name="org.springframework.transaction.interceptor"/>
    <package name="org.springframework.transaction.aspectj"/>
    <package name="org.springframework.transaction.annotation"/>
    <package name="org.springframework.transaction.config"/>
    <package name="org.springframework.transaction"/>
    <package name="org.springframework.transaction.jta"/>
    <package name="org.springframework.jmx.support"/>
    <package name="org.springframework.jmx.export.annotation"/>
    <package name="org.springframework.jmx.export.metadata"/>
    <package name="org.springframework.jmx.export.assembler"/>
    <package name="org.springframework.jmx.export"/>
    <package name="org.springframework.jmx.export.naming"/>
    <package name="org.springframework.jmx.export.notification"/>
    <package name="org.springframework.jmx"/>
    <package name="org.springframework.jmx.access"/>
    <package name="org.codehaus.jackson.map.ext"/>
    <package name="org.hibernate.action"/>
    <package name="org.hibernate.stat"/>
    <package name="org.hibernate.connection"/>
    <package name="org.hibernate.transform"/>
    <package name="org.hibernate.mapping"/>
    <package name="org.hibernate.criterion"/>
    <package name="org.hibernate.type"/>
    <package name="org.hibernate.cache.entry"/>
    <package name="org.hibernate.cache"/>
    <package name="org.hibernate.loader.custom"/>
    <package name="org.hibernate.loader.custom.sql"/>
    <package name="org.hibernate.loader.entity"/>
    <package name="org.hibernate.loader"/>
    <package name="org.hibernate.loader.criteria"/>
    <package name="org.hibernate.loader.collection"/>
    <package name="org.hibernate.loader.hql"/>
    <package name="org.hibernate.classic"/>
    <package name="org.hibernate.param"/>
    <package name="org.hibernate.metadata"/>
    <package name="org.hibernate.pretty"/>
    <package name="org.hibernate"/>
    <package name="org.hibernate.dialect.function"/>
    <package name="org.hibernate.dialect"/>
    <package name="org.hibernate.dialect.lock"/>
    <package name="org.hibernate.impl"/>
    <package name="org.hibernate.tuple.entity"/>
    <package name="org.hibernate.tuple"/>
    <package name="org.hibernate.tuple.component"/>
    <package name="org.hibernate.persister.entity"/>
    <package name="org.hibernate.persister.collection"/>
    <package name="org.hibernate.persister"/>
    <package name="org.hibernate.collection"/>
    <package name="org.hibernate.intercept.javassist"/>
    <package name="org.hibernate.intercept"/>
    <package name="org.hibernate.intercept.cglib"/>
    <package name="org.hibernate.bytecode"/>
    <package name="org.hibernate.bytecode.javassist"/>
    <package name="org.hibernate.bytecode.cglib"/>
    <package name="org.hibernate.bytecode.util"/>
    <package name="org.hibernate.lob"/>
    <package name="org.hibernate.tool.instrument.javassist"/>
    <package name="org.hibernate.tool.instrument"/>
    <package name="org.hibernate.tool.instrument.cglib"/>
    <package name="org.hibernate.tool.hbm2ddl"/>
    <package name="org.hibernate.secure"/>
    <package name="org.hibernate.cfg"/>
    <package name="org.hibernate.usertype"/>
    <package name="org.hibernate.property"/>
    <package name="org.hibernate.event"/>
    <package name="org.hibernate.event.def"/>
    <package name="org.hibernate.exception"/>
    <package name="org.hibernate.proxy.pojo.javassist"/>
    <package name="org.hibernate.proxy.pojo"/>
    <package name="org.hibernate.proxy.pojo.cglib"/>
    <package name="org.hibernate.proxy.dom4j"/>
    <package name="org.hibernate.proxy.map"/>
    <package name="org.hibernate.proxy"/>
    <package name="org.hibernate.sql"/>
    <package name="org.hibernate.context"/>
    <package name="org.hibernate.util"/>
    <package name="org.hibernate.hql.ast.exec"/>
    <package name="org.hibernate.hql.ast"/>
    <package name="org.hibernate.hql.ast.util"/>
    <package name="org.hibernate.hql.ast.tree"/>
    <package name="org.hibernate.hql.classic"/>
    <package name="org.hibernate.hql"/>
    <package name="org.hibernate.hql.antlr"/>
    <package name="org.hibernate.jdbc"/>
    <package name="org.hibernate.transaction"/>
    <package name="org.hibernate.jmx"/>
    <package name="org.hibernate.engine.loading"/>
    <package name="org.hibernate.engine"/>
    <package name="org.hibernate.engine.transaction"/>
    <package name="org.hibernate.engine.query"/>
    <package name="org.hibernate.engine.query.sql"/>
    <package name="org.hibernate.id.enhanced"/>
    <package name="org.hibernate.id.insert"/>
    <package name="org.hibernate.id"/>
    <package name="org.json"/>
    <package name="org.bouncycastle.x509.examples"/>
    <package name="org.bouncycastle.x509.util"/>
    <package name="org.bouncycastle.crypto.prng"/>
    <package name="org.bouncycastle.crypto.encodings"/>
    <package name="org.bouncycastle.crypto.engines"/>
    <package name="org.bouncycastle.asn1.nist"/>
    <package name="org.bouncycastle.asn1.x509"/>
    <package name="org.bouncycastle.asn1.cmp"/>
    <package name="org.bouncycastle.asn1.isismtt"/>
    <package name="org.bouncycastle.asn1.kisa"/>
    <package name="org.bouncycastle.asn1.teletrust"/>
    <package name="org.bouncycastle.asn1.microsoft"/>
    <package name="org.bouncycastle.asn1.ntt"/>
    <package name="org.bouncycastle.asn1.iana"/>
    <package name="org.bouncycastle.asn1.bc"/>
    <package name="org.bouncycastle.asn1.esf"/>
    <package name="org.bouncycastle.asn1.gnu"/>
    <package name="org.bouncycastle.asn1.cryptopro"/>
    <package name="org.bouncycastle.asn1.smime"/>
    <package name="org.bouncycastle.jce.examples"/>
    <package name="org.bouncycastle.jce"/>
    <package name="org.bouncycastle"/>
    <package name="org.bouncycastle.util.encoders"/>
    <package name="org.bouncycastle.util"/>
    <package name="org.bouncycastle.jcajce.provider.asymmetric.x509"/>
    <package name="org.apache.xml.utils.synthetic"/>
    <package name="org.apache.xml.utils.synthetic.reflection"/>
    <package name="org.apache.xml.utils.res"/>
    <package name="org.apache.xml.utils"/>
    <package name="org.apache.xml.dtm"/>
    <package name="org.apache.xml.dtm.ref.dom2dtm"/>
    <package name="org.apache.xml.dtm.ref.sax2dtm"/>
    <package name="org.apache.xml.dtm.ref"/>
    <package name="org.apache.ecs.storage"/>
    <package name="org.apache.ecs.xml"/>
    <package name="org.apache.ecs.vxml"/>
    <package name="org.apache.ecs.rtf"/>
    <package name="org.apache.ecs.xhtml"/>
    <package name="org.apache.ecs.jsp"/>
    <package name="org.apache.ecs.factory"/>
    <package name="org.apache.ecs"/>
    <package name="org.apache.ecs.examples"/>
    <package name="org.apache.ecs.wml"/>
    <package name="org.apache.ecs.html"/>
    <package name="org.apache.ecs.html2ecs"/>
    <package name="org.apache.ecs.filter"/>
    <package name="org.apache.cordova.deviceorientation"/>
    <package name="org.apache.cordova.device"/>
    <package name="org.apache.cordova.networkinformation"/>
    <package name="org.apache.cordova.devicemotion"/>
    <package name="org.apache.cordova.media"/>
    <package name="org.apache.cordova.geolocation"/>
    <package name="org.apache.axis.transport.java"/>
    <package name="org.apache.axis.transport.local"/>
    <package name="org.apache.axis.transport.mail"/>
    <package name="org.apache.axis.transport.http"/>
    <package name="org.apache.axis.transport.jms"/>
    <package name="org.apache.axis.utils"/>
    <package name="org.apache.axis.utils.cache"/>
    <package name="org.apache.axis.utils.bytecode"/>
    <package name="org.apache.axis.server"/>
    <package name="org.apache.axis.strategies"/>
    <package name="org.apache.axis.holders"/>
    <package name="org.apache.axis.session"/>
    <package name="org.apache.axis.deployment.wsdd.providers"/>
    <package name="org.apache.axis.deployment.wsdd"/>
    <package name="org.apache.axis.schema"/>
    <package name="org.apache.axis"/>
    <package name="org.apache.axis.providers.java"/>
    <package name="org.apache.axis.providers"/>
    <package name="org.apache.axis.i18n"/>
    <package name="org.apache.axis.wsdl.gen"/>
    <package name="org.apache.axis.wsdl.toJava"/>
    <package name="org.apache.axis.wsdl.symbolTable"/>
    <package name="org.apache.axis.wsdl"/>
    <package name="org.apache.axis.wsdl.fromJava"/>
    <package name="org.apache.axis.management"/>
    <package name="org.apache.axis.management.jmx"/>
    <package name="org.apache.axis.handlers"/>
    <package name="org.apache.axis.handlers.http"/>
    <package name="org.apache.axis.handlers.soap"/>
    <package name="org.apache.axis.encoding.ser"/>
    <package name="org.apache.axis.encoding.ser.castor"/>
    <package name="org.apache.axis.encoding"/>
    <package name="org.apache.axis.types"/>
    <package name="org.apache.axis.monitor"/>
    <package name="org.apache.axis.attachments"/>
    <package name="org.apache.axis.message"/>
    <package name="org.apache.axis.client.async"/>
    <package name="org.apache.axis.client"/>
    <package name="org.apache.axis.description"/>
    <package name="org.apache.axis.configuration"/>
    <package name="org.apache.axis.components.threadpool"/>
    <package name="org.apache.axis.components.compiler"/>
    <package name="org.apache.axis.components.script"/>
    <package name="org.apache.axis.components.logger"/>
    <package name="org.apache.axis.components.uuid"/>
    <package name="org.apache.axis.components.encoding"/>
    <package name="org.apache.axis.components.jms"/>
    <package name="org.apache.axis.components.net"/>
    <package name="org.apache.axis.components.image"/>
    <package name="org.apache.axis.enum"/>
    <package name="org.apache.axis.soap"/>
    <package name="org.apache.axis.collections"/>
    <package name="org.apache.axis.security.simple"/>
    <package name="org.apache.axis.security"/>
    <package name="org.apache.axis.security.servlet"/>
    <package name="org.apache.axis.constants"/>
    <package name="org.apache.crimson.jaxp"/>
    <package name="org.apache.crimson.parser"/>
    <package name="org.apache.crimson.util"/>
    <package name="org.apache.crimson.tree"/>
    <package name="org.apache.commons.codec"/>
    <package name="org.apache.commons.codec.binary"/>
    <package name="org.apache.commons.logging.impl"/>
    <package name="org.apache.commons.logging"/>
    <package name="org.apache.commons.lang.time"/>
    <package name="org.apache.commons.lang.mutable"/>
    <package name="org.apache.commons.lang.enums"/>
    <package name="org.apache.commons.lang.builder"/>
    <package name="org.apache.commons.lang"/>
    <package name="org.apache.commons.lang.exception"/>
    <package name="org.apache.commons.lang.text"/>
    <package name="org.apache.commons.lang.math"/>
    <package name="org.apache.commons.lang.enum"/>
    <package name="org.apache.commons.beanutils.locale"/>
    <package name="org.apache.commons.beanutils.locale.converters"/>
    <package name="org.apache.commons.beanutils"/>
    <package name="org.apache.commons.beanutils.converters"/>
    <package name="org.apache.commons.discovery.jdk"/>
    <package name="org.apache.commons.discovery.log"/>
    <package name="org.apache.commons.discovery.resource.classes"/>
    <package name="org.apache.commons.discovery.resource"/>
    <package name="org.apache.commons.discovery.resource.names"/>
    <package name="org.apache.commons.discovery.tools"/>
    <package name="org.apache.commons.discovery.ant"/>
    <package name="org.apache.commons.discovery"/>
    <package name="org.apache.commons.collections.keyvalue"/>
    <package name="org.apache.commons.collections.bag"/>
    <package name="org.apache.commons.collections.functors"/>
    <package name="org.apache.commons.collections.collection"/>
    <package name="org.apache.commons.collections"/>
    <package name="org.apache.commons.collections.buffer"/>
    <package name="org.apache.commons.collections.set"/>
    <package name="org.apache.commons.collections.iterators"/>
    <package name="org.apache.commons.collections.bidimap"/>
    <package name="org.apache.commons.collections.map"/>
    <package name="org.apache.commons.collections.list"/>
    <package name="org.apache.commons.collections.comparators"/>
    <package name="org.apache.http.params"/>
    <package name="org.apache.http.entity"/>
    <package name="org.apache.http.io"/>
    <package name="org.apache.http.impl.entity"/>
    <package name="org.apache.http.impl.io"/>
    <package name="org.apache.http.impl.conn"/>
    <package name="org.apache.http.impl.conn.tsccm"/>
    <package name="org.apache.http.impl.client"/>
    <package name="org.apache.http.impl"/>
    <package name="org.apache.http.impl.cookie"/>
    <package name="org.apache.http.impl.auth"/>
    <package name="org.apache.http.conn.scheme"/>
    <package name="org.apache.http.conn.params"/>
    <package name="org.apache.http.conn.routing"/>
    <package name="org.apache.http.conn.ssl"/>
    <package name="org.apache.http.conn"/>
    <package name="org.apache.http.conn.util"/>
    <package name="org.apache.http.message"/>
    <package name="org.apache.http.client"/>
    <package name="org.apache.http.client.utils"/>
    <package name="org.apache.http.client.params"/>
    <package name="org.apache.http.client.entity"/>
    <package name="org.apache.http.client.methods"/>
    <package name="org.apache.http.client.protocol"/>
    <package name="org.apache.http.cookie.params"/>
    <package name="org.apache.http.cookie"/>
    <package name="org.apache.http.protocol"/>
    <package name="org.apache.http.auth.params"/>
    <package name="org.apache.http.auth"/>
    <package name="org.apache.http.util"/>
    <package name="org.apache.http"/>
    <package name="org.apache.xpath.compiler"/>
    <package name="org.apache.xpath.objects"/>
    <package name="org.apache.xpath.operations"/>
    <package name="org.apache.xpath"/>
    <package name="org.apache.xpath.res"/>
    <package name="org.apache.xpath.axes"/>
    <package name="org.apache.xpath.patterns"/>
    <package name="org.apache.xpath.functions"/>
    <package name="org.apache.jasper.runtime"/>
    <package name="org.apache.struts.action"/>
    <package name="org.apache.struts.plugins"/>
    <package name="org.apache.struts.config"/>
    <package name="org.apache.struts.config.impl"/>
    <package name="org.apache.struts"/>
    <package name="org.apache.struts.taglib.nested"/>
    <package name="org.apache.struts.taglib.nested.bean"/>
    <package name="org.apache.struts.taglib.nested.html"/>
    <package name="org.apache.struts.taglib.nested.logic"/>
    <package name="org.apache.struts.taglib.bean"/>
    <package name="org.apache.struts.taglib.template"/>
    <package name="org.apache.struts.taglib.template.util"/>
    <package name="org.apache.struts.taglib.html"/>
    <package name="org.apache.struts.taglib.logic"/>
    <package name="org.apache.struts.taglib.tiles.ext"/>
    <package name="org.apache.struts.taglib.tiles.util"/>
    <package name="org.apache.struts.taglib.tiles"/>
    <package name="org.apache.struts.validator"/>
    <package name="org.apache.struts.tiles"/>
    <package name="org.apache.struts.tiles.definition"/>
    <package name="org.apache.struts.tiles.beans"/>
    <package name="org.apache.struts.tiles.xmlDefinition"/>
    <package name="org.apache.struts.tiles.actions"/>
    <package name="org.apache.struts.actions"/>
    <package name="org.apache.struts.util"/>
    <package name="org.apache.struts.upload"/>
    <package name="org.apache.log4j.xml"/>
    <package name="org.apache.log4j.config"/>
    <package name="org.apache.log4j.chainsaw"/>
    <package name="org.apache.log4j.or.sax"/>
    <package name="org.apache.log4j.or"/>
    <package name="org.apache.log4j.or.jms"/>
    <package name="org.apache.log4j.nt"/>
    <package name="org.apache.log4j.helpers"/>
    <package name="org.apache.log4j.lf5.viewer"/>
    <package name="org.apache.log4j.lf5.viewer.configure"/>
    <package name="org.apache.log4j.lf5.viewer.categoryexplorer"/>
    <package name="org.apache.log4j.lf5.util"/>
    <package name="org.apache.log4j.lf5"/>
    <package name="org.apache.log4j.varia"/>
    <package name="org.apache.log4j.net"/>
    <package name="org.apache.log4j"/>
    <package name="org.apache.log4j.spi"/>
    <package name="org.apache.log4j.jdbc"/>
    <package name="org.apache.log4j.jmx"/>
    <package name="org.apache.xalan.xslt"/>
    <package name="org.apache.xalan.extensions"/>
    <package name="org.apache.xalan.processor"/>
    <package name="org.apache.xalan.templates"/>
    <package name="org.apache.xalan.lib"/>
    <package name="org.apache.xalan.lib.sql"/>
    <package name="org.apache.xalan.serialize"/>
    <package name="org.apache.xalan"/>
    <package name="org.apache.xalan.res"/>
    <package name="org.apache.xalan.trace"/>
    <package name="org.apache.xalan.client"/>
    <package name="org.apache.xalan.transformer"/>
    <package name="org.omg.CosNaming.NamingContextPackage"/>
    <package name="org.omg.CosNaming.NamingContextExtPackage"/>
    <package name="org.omg.CosNaming"/>
    <package name="org.omg.stub.java.rmi"/>
    <package name="org.omg.stub.javax.management.remote.rmi"/>
    <package name="org.omg.Dynamic"/>
    <package name="org.omg.DynamicAny"/>
    <package name="org.omg.DynamicAny.DynAnyPackage"/>
    <package name="org.omg.DynamicAny.DynAnyFactoryPackage"/>
    <package name="org.omg.CORBA.ORBPackage"/>
    <package name="org.omg.CORBA.DynAnyPackage"/>
    <package name="org.omg.CORBA.TypeCodePackage"/>
    <package name="org.omg.CORBA.portable"/>
    <package name="org.omg.CORBA"/>
    <package name="org.omg.Messaging"/>
    <package name="org.omg.PortableInterceptor.ORBInitInfoPackage"/>
    <package name="org.omg.PortableInterceptor"/>
    <package name="org.omg.CORBA_2_3.portable"/>
    <package name="org.omg.CORBA_2_3"/>
    <package name="org.omg.IOP.CodecFactoryPackage"/>
    <package name="org.omg.IOP"/>
    <package name="org.omg.IOP.CodecPackage"/>
    <package name="org.omg.PortableServer.ServantLocatorPackage"/>
    <package name="org.omg.PortableServer.POAManagerPackage"/>
    <package name="org.omg.PortableServer"/>
    <package name="org.omg.PortableServer.portable"/>
    <package name="org.omg.PortableServer.POAPackage"/>
    <package name="org.omg.PortableServer.CurrentPackage"/>
    <package name="sun.instrument"/>
    <package name="sun.rmi.transport"/>
    <package name="sun.rmi.transport.proxy"/>
    <package name="sun.rmi.transport.tcp"/>
    <package name="sun.rmi.server"/>
    <package name="sun.rmi.log"/>
    <package name="sun.rmi.runtime"/>
    <package name="sun.rmi.rmic.iiop"/>
    <package name="sun.rmi.rmic"/>
    <package name="sun.rmi.registry"/>
    <package name="sun.corba"/>
    <package name="sun.swing.plaf.synth"/>
    <package name="sun.swing"/>
    <package name="sun.beans.infos"/>
    <package name="sun.beans.editors"/>
    <package name="sun.print"/>
    <package name="sun.print.resources"/>
    <package name="sun.misc"/>
    <package name="sun.misc.resources"/>
    <package name="sun.io"/>
    <package name="sun.reflect.annotation"/>
    <package name="sun.reflect.misc"/>
    <package name="sun.reflect"/>
    <package name="sun.reflect.generics.factory"/>
    <package name="sun.reflect.generics.repository"/>
    <package name="sun.reflect.generics.visitor"/>
    <package name="sun.reflect.generics.parser"/>
    <package name="sun.reflect.generics.scope"/>
    <package name="sun.reflect.generics.reflectiveObjects"/>
    <package name="sun.reflect.generics.tree"/>
    <package name="sun.font"/>
    <package name="sun.dc.pr"/>
    <package name="sun.dc.path"/>
    <package name="sun.management"/>
    <package name="sun.management.snmp.jvmmib"/>
    <package name="sun.management.snmp.jvminstr"/>
    <package name="sun.management.snmp"/>
    <package name="sun.management.snmp.util"/>
    <package name="sun.management.resources"/>
    <package name="sun.management.counter.perf"/>
    <package name="sun.management.counter"/>
    <package name="sun.management.jmxremote"/>
    <package name="sun.nio.cs"/>
    <package name="sun.nio.ch"/>
    <package name="sun.nio"/>
    <package name="sun.applet"/>
    <package name="sun.applet.resources"/>
    <package name="sun.tools.jar"/>
    <package name="sun.tools.jar.resources"/>
    <package name="sun.tools.serialver"/>
    <package name="sun.tools.java"/>
    <package name="sun.tools.javac"/>
    <package name="sun.tools.asm"/>
    <package name="sun.tools.javap"/>
    <package name="sun.tools.javap.oldjavap"/>
    <package name="sun.tools.native2ascii"/>
    <package name="sun.tools.native2ascii.resources"/>
    <package name="sun.tools.util"/>
    <package name="sun.tools.hprof"/>
    <package name="sun.tools.tree"/>
    <package name="sun.audio"/>
    <package name="sun.text"/>
    <package name="sun.text.resources"/>
    <package name="sun.net"/>
    <package name="sun.net.smtp"/>
    <package name="sun.net.ftp"/>
    <package name="sun.net.dns"/>
    <package name="sun.net.www.content.audio"/>
    <package name="sun.net.www.content.text"/>
    <package name="sun.net.www.content.image"/>
    <package name="sun.net.www"/>
    <package name="sun.net.www.http"/>
    <package name="sun.net.www.protocol.mailto"/>
    <package name="sun.net.www.protocol.verbatim"/>
    <package name="sun.net.www.protocol.jar"/>
    <package name="sun.net.www.protocol.doc"/>
    <package name="sun.net.www.protocol.http"/>
    <package name="sun.net.www.protocol.ftp"/>
    <package name="sun.net.www.protocol.file"/>
    <package name="sun.net.www.protocol.systemresource"/>
    <package name="sun.net.www.protocol.netdoc"/>
    <package name="sun.net.www.protocol.gopher"/>
    <package name="sun.net.spi.nameservice"/>
    <package name="sun.net.spi"/>
    <package name="sun.net.util"/>
    <package name="sun.awt.dnd"/>
    <package name="sun.awt.print"/>
    <package name="sun.awt.print.resources"/>
    <package name="sun.awt.font"/>
    <package name="sun.awt.resources"/>
    <package name="sun.awt.color"/>
    <package name="sun.awt"/>
    <package name="sun.awt.datatransfer"/>
    <package name="sun.awt.im"/>
    <package name="sun.awt.geom"/>
    <package name="sun.awt.shell"/>
    <package name="sun.awt.windows"/>
    <package name="sun.awt.image.codec"/>
    <package name="sun.awt.image"/>
    <package name="sun.util.logging.resources"/>
    <package name="sun.util"/>
    <package name="sun.util.calendar"/>
    <package name="sun.jdbc.odbc.ee"/>
    <package name="sun.jdbc.odbc"/>
    <package name="sun.security.jgss.krb5"/>
    <package name="sun.security.jgss"/>
    <package name="sun.security.jgss.spi"/>
    <package name="sun.security.jca"/>
    <package name="sun.security.x509"/>
    <package name="sun.security.action"/>
    <package name="sun.security.acl"/>
    <package name="sun.security.krb5.internal.ccache"/>
    <package name="sun.security.krb5.internal.crypto.dk"/>
    <package name="sun.security.krb5.internal.crypto"/>
    <package name="sun.security.krb5.internal.rcache"/>
    <package name="sun.security.krb5.internal.ktab"/>
    <package name="sun.security.krb5.internal"/>
    <package name="sun.security.krb5.internal.tools"/>
    <package name="sun.security.krb5.internal.util"/>
    <package name="sun.security.krb5"/>
    <package name="sun.security.validator"/>
    <package name="sun.security.provider.certpath"/>
    <package name="sun.security.provider"/>
    <package name="sun.security.timestamp"/>
    <package name="sun.security.tools"/>
    <package name="sun.security.rsa"/>
    <package name="sun.security.pkcs"/>
    <package name="sun.security.util"/>
    <package name="sun.java2d.pipe"/>
    <package name="sun.java2d"/>
    <package name="sun.java2d.opengl"/>
    <package name="sun.java2d.loops"/>
    <package name="java.rmi.server"/>
    <package name="java.rmi.dgc"/>
    <package name="java.rmi.registry"/>
    <package name="java.rmi.activation"/>
    <package name="java.rmi"/>
    <package name="java.lang.instrument"/>
    <package name="java.lang"/>
    <package name="java.lang.annotation"/>
    <package name="java.lang.reflect"/>
    <package name="java.lang.management"/>
    <package name="java.lang.ref"/>
    <package name="java.beans.beancontext"/>
    <package name="java.beans"/>
    <package name="java.io"/>
    <package name="java.nio"/>
    <package name="java.nio.charset"/>
    <package name="java.nio.charset.spi"/>
    <package name="java.nio.channels"/>
    <package name="java.nio.channels.spi"/>
    <package name="java.applet"/>
    <package name="java.text"/>
    <package name="java.net"/>
    <package name="java.sql"/>
    <package name="java.math"/>
    <package name="java.awt.dnd.peer"/>
    <package name="java.awt.dnd"/>
    <package name="java.awt.print"/>
    <package name="java.awt.peer"/>
    <package name="java.awt.font"/>
    <package name="java.awt"/>
    <package name="java.awt.color"/>
    <package name="java.awt.datatransfer"/>
    <package name="java.awt.im"/>
    <package name="java.awt.im.spi"/>
    <package name="java.awt.geom"/>
    <package name="java.awt.event"/>
    <package name="java.awt.image"/>
    <package name="java.awt.image.renderable"/>
    <package name="java.util.logging"/>
    <package name="java.util.concurrent"/>
    <package name="java.util.concurrent.locks"/>
    <package name="java.util.concurrent.atomic"/>
    <package name="java.util.jar"/>
    <package name="java.util.zip"/>
    <package name="java.util.prefs"/>
    <package name="java.util.regex"/>
    <package name="java.util"/>
    <package name="java.security.interfaces"/>
    <package name="java.security.cert"/>
    <package name="java.security.acl"/>
    <package name="java.security.spec"/>
    <package name="java.security"/>
    <package name="javax.ejb"/>
    <package name="javax.ejb.spi"/>
    <package name="javax.xml.messaging"/>
    <package name="javax.xml.datatype"/>
    <package name="javax.xml.transform.dom"/>
    <package name="javax.xml.transform"/>
    <package name="javax.xml.transform.sax"/>
    <package name="javax.xml.transform.stream"/>
    <package name="javax.xml.parsers"/>
    <package name="javax.xml.namespace"/>
    <package name="javax.xml.xpath"/>
    <package name="javax.xml.registry"/>
    <package name="javax.xml.registry.samples"/>
    <package name="javax.xml.registry.infomodel"/>
    <package name="javax.xml.validation"/>
    <package name="javax.xml"/>
    <package name="javax.xml.soap"/>
    <package name="javax.xml.rpc.server"/>
    <package name="javax.xml.rpc.handler"/>
    <package name="javax.xml.rpc.handler.soap"/>
    <package name="javax.xml.rpc.holders"/>
    <package name="javax.xml.rpc.encoding"/>
    <package name="javax.xml.rpc"/>
    <package name="javax.xml.rpc.soap"/>
    <package name="javax.rmi.CORBA"/>
    <package name="javax.rmi.ssl"/>
    <package name="javax.rmi"/>
    <package name="javax.sound.sampled"/>
    <package name="javax.sound.sampled.spi"/>
    <package name="javax.sound.midi"/>
    <package name="javax.sound.midi.spi"/>
    <package name="javax.portlet"/>
    <package name="javax.portlet.filter"/>
    <package name="javax.swing.colorchooser"/>
    <package name="javax.swing.undo"/>
    <package name="javax.swing.icons"/>
    <package name="javax.swing.table"/>
    <package name="javax.swing"/>
    <package name="javax.swing.plaf.multi"/>
    <package name="javax.swing.plaf.metal"/>
    <package name="javax.swing.plaf.synth"/>
    <package name="javax.swing.plaf"/>
    <package name="javax.swing.plaf.basic"/>
    <package name="javax.swing.filechooser"/>
    <package name="javax.swing.event"/>
    <package name="javax.swing.border"/>
    <package name="javax.swing.text"/>
    <package name="javax.swing.text.rtf"/>
    <package name="javax.swing.text.html"/>
    <package name="javax.swing.text.html.parser"/>
    <package name="javax.swing.tree"/>
    <package name="javax.print.attribute.standard"/>
    <package name="javax.print.attribute"/>
    <package name="javax.print"/>
    <package name="javax.print.event"/>
    <package name="javax.imageio.plugins.bmp"/>
    <package name="javax.imageio.plugins.jpeg"/>
    <package name="javax.imageio.metadata"/>
    <package name="javax.imageio.event"/>
    <package name="javax.imageio.stream"/>
    <package name="javax.imageio"/>
    <package name="javax.imageio.spi"/>
    <package name="javax.crypto.interfaces"/>
    <package name="javax.crypto"/>
    <package name="javax.crypto.spec"/>
    <package name="javax.enterprise.deploy.shared"/>
    <package name="javax.enterprise.deploy.shared.factories"/>
    <package name="javax.enterprise.deploy.model.exceptions"/>
    <package name="javax.enterprise.deploy.model"/>
    <package name="javax.enterprise.deploy.spi.status"/>
    <package name="javax.enterprise.deploy.spi.exceptions"/>
    <package name="javax.enterprise.deploy.spi.factories"/>
    <package name="javax.enterprise.deploy.spi"/>
    <package name="javax.ws.rs.ext"/>
    <package name="javax.ws.rs"/>
    <package name="javax.wsdl"/>
    <package name="javax.wsdl.extensions.mime"/>
    <package name="javax.wsdl.extensions.schema"/>
    <package name="javax.wsdl.extensions.http"/>
    <package name="javax.wsdl.extensions.soap"/>
    <package name="javax.wsdl.extensions"/>
    <package name="javax.wsdl.xml"/>
    <package name="javax.wsdl.factory"/>
    <package name="javax.resource.cci"/>
    <package name="javax.resource"/>
    <package name="javax.resource.spi.endpoint"/>
    <package name="javax.resource.spi"/>
    <package name="javax.resource.spi.security"/>
    <package name="javax.resource.spi.work"/>
    <package name="javax.mail.internet"/>
    <package name="javax.mail"/>
    <package name="javax.mail.event"/>
    <package name="javax.mail.search"/>
    <package name="javax.management.j2ee.statistics"/>
    <package name="javax.management.j2ee"/>
    <package name="javax.management.loading"/>
    <package name="javax.management"/>
    <package name="javax.management.openmbean"/>
    <package name="javax.management.modelmbean"/>
    <package name="javax.management.remote.rmi"/>
    <package name="javax.management.remote"/>
    <package name="javax.management.timer"/>
    <package name="javax.management.monitor"/>
    <package name="javax.management.relation"/>
    <package name="javax.microedition.khronos.egl"/>
    <package name="javax.microedition.khronos.opengles"/>
    <package name="javax.accessibility"/>
    <package name="javax.activity"/>
    <package name="javax.naming.directory"/>
    <package name="javax.naming"/>
    <package name="javax.naming.ldap"/>
    <package name="javax.naming.event"/>
    <package name="javax.naming.spi"/>
    <package name="javax.jms"/>
    <package name="javax.net.ssl"/>
    <package name="javax.net"/>
    <package name="javax.sql"/>
    <package name="javax.sql.rowset.serial"/>
    <package name="javax.sql.rowset"/>
    <package name="javax.sql.rowset.spi"/>
    <package name="javax.servlet.jsp.tagext"/>
    <package name="javax.servlet.jsp.el"/>
    <package name="javax.servlet.jsp"/>
    <package name="javax.servlet.http"/>
    <package name="javax.servlet"/>
    <package name="javax.activation"/>
    <package name="javax.persistence"/>
    <package name="javax.persistence.spi"/>
    <package name="javax.transaction"/>
    <package name="javax.transaction.xa"/>
    <package name="javax.security.cert"/>
    <package name="javax.security.sasl"/>
    <package name="javax.security.jacc"/>
    <package name="javax.security.auth.x500"/>
    <package name="javax.security.auth.callback"/>
    <package name="javax.security.auth.login"/>
    <package name="javax.security.auth.kerberos"/>
    <package name="javax.security.auth.spi"/>
    <package name="javax.security.auth"/>
    <package name="junit.runner"/>
    <package name="junit.framework"/>
    <package name="weblogic.webservice.extensions"/>
    <package name="weblogic.webservice.binding.https"/>
    <package name="weblogic.webservice.binding.jms"/>
    <package name="weblogic.webservice.binding"/>
    <package name="weblogic.webservice.async"/>
    <package name="weblogic.webservice.encoding"/>
    <package name="weblogic.webservice.client"/>
    <package name="weblogic.webservice.context"/>
    <package name="weblogic.time.common"/>
    <package name="weblogic.ejb"/>
    <package name="weblogic.logging.log4j"/>
    <package name="weblogic.logging"/>
    <package name="weblogic.xml.crypto.wss"/>
    <package name="weblogic.xml.crypto.wss.provider"/>
    <package name="weblogic.xml.schema.binding"/>
    <package name="weblogic.xml.xpath"/>
    <package name="weblogic.xml.stream"/>
    <package name="weblogic.xml.stream.util"/>
    <package name="weblogic.xml.security.wsse"/>
    <package name="weblogic.xml.security"/>
    <package name="weblogic.xml.security.assertion"/>
    <package name="weblogic.xml.security.specs"/>
    <package name="weblogic.rmi.server"/>
    <package name="weblogic.rmi.extensions"/>
    <package name="weblogic.rmi"/>
    <package name="weblogic.rmi.registry"/>
    <package name="weblogic.cache.filter"/>
    <package name="weblogic.i18n"/>
    <package name="weblogic.i18n.tools"/>
    <package name="weblogic.diagnostics.watch"/>
    <package name="weblogic.diagnostics.context"/>
    <package name="weblogic.connector.extensions"/>
    <package name="weblogic.management.utils"/>
    <package name="weblogic.management.logging"/>
    <package name="weblogic.management.scripting.utils"/>
    <package name="weblogic.management.timer"/>
    <package name="weblogic.management.deploy"/>
    <package name="weblogic.management"/>
    <package name="weblogic.management.security.authentication"/>
    <package name="weblogic.management.security.authorization"/>
    <package name="weblogic.management.security.credentials"/>
    <package name="weblogic.management.security"/>
    <package name="weblogic.management.security.pk"/>
    <package name="weblogic.management.security.audit"/>
    <package name="weblogic.wsee.connection.transport.http"/>
    <package name="weblogic.wsee.async"/>
    <package name="weblogic.wsee.conversation"/>
    <package name="weblogic.wsee.reliability"/>
    <package name="weblogic.wsee.jaxrpc"/>
    <package name="weblogic.wsee.jws"/>
    <package name="weblogic.wsee.jws.util"/>
    <package name="weblogic.wsee.security.bst"/>
    <package name="weblogic.wsee.security.unt"/>
    <package name="weblogic.workarea"/>
    <package name="weblogic.application"/>
    <package name="weblogic.jndi"/>
    <package name="weblogic.deploy.api.shared"/>
    <package name="weblogic.deploy.api.model"/>
    <package name="weblogic.deploy.api.tools"/>
    <package name="weblogic.deploy.api.spi.factories"/>
    <package name="weblogic.deploy.api.spi"/>
    <package name="weblogic.jms.extensions"/>
    <package name="weblogic.jms"/>
    <package name="weblogic.net.http"/>
    <package name="weblogic.apache.xml.serialize"/>
    <package name="weblogic.apache.xerces.parsers"/>
    <package name="weblogic.apache.xerces.dom"/>
    <package name="weblogic.apache.xerces.dom.events"/>
    <package name="weblogic.apache.xerces.xni"/>
    <package name="weblogic.apache.xerces.xni.parser"/>
    <package name="weblogic.apache.xerces.xni.grammars"/>
    <package name="weblogic.apache.xerces.xni.psvi"/>
    <package name="weblogic.apache.xerces.impl.msg"/>
    <package name="weblogic.apache.xerces.impl.xs"/>
    <package name="weblogic.apache.xerces.impl.io"/>
    <package name="weblogic.apache.xerces.impl.xpath"/>
    <package name="weblogic.apache.xerces.impl"/>
    <package name="weblogic.apache.xerces.impl.validation"/>
    <package name="weblogic.apache.xerces.impl.dtd"/>
    <package name="weblogic.apache.xerces.impl.dv"/>
    <package name="weblogic.apache.xerces.jaxp"/>
    <package name="weblogic.apache.xerces.util"/>
    <package name="weblogic.apache.wml.dom"/>
    <package name="weblogic.apache.wml"/>
    <package name="weblogic.apache.html.dom"/>
    <package name="weblogic.wtc.jatmi"/>
    <package name="weblogic.wtc.gwt"/>
    <package name="weblogic.servlet.logging"/>
    <package name="weblogic.servlet.http"/>
    <package name="weblogic.servlet.security"/>
    <package name="weblogic.uddi.client.structures.datatypes"/>
    <package name="weblogic.uddi.client.structures.response"/>
    <package name="weblogic.uddi.client.structures.request"/>
    <package name="weblogic.uddi.client.structures.exception"/>
    <package name="weblogic.uddi.client.service"/>
    <package name="weblogic.jws"/>
    <package name="weblogic.jdbc.extensions"/>
    <package name="weblogic.jdbc.pool"/>
    <package name="weblogic.jdbc.rowset"/>
    <package name="weblogic.transaction"/>
    <package name="weblogic.transaction.nonxa"/>
    <package name="weblogic.security.SSL"/>
    <package name="weblogic.security.providers.authentication"/>
    <package name="weblogic.security.providers.saml"/>
    <package name="weblogic.security.acl"/>
    <package name="weblogic.security"/>
    <package name="weblogic.security.pk"/>
    <package name="weblogic.security.provider"/>
    <package name="weblogic.security.principal"/>
    <package name="weblogic.security.service"/>
    <package name="weblogic.security.jacc"/>
    <package name="weblogic.security.net"/>
    <package name="weblogic.security.spi"/>
    <package name="weblogic.security.auth"/>
    <package name="weblogic.security.auth.callback"/>
    <package name="weblogic.security.auth.login"/>
    <package name="weblogic.security.audit"/>
    <package name="weblogic.security.services"/>
    <package name="weblogic.common"/>
    <package name="dalvik.annotation"/>
    <package name="dalvik.system"/>
    <package name="dalvik.bytecode"/>
    <package name="commonj.timers"/>
    <package name="commonj.work"/>
    <package name="sunw.util"/>
    <package name="com.ibatis.sqlmap.client.extensions"/>
    <package name="com.ibatis.sqlmap.client"/>
    <package name="com.ibatis.sqlmap.client.event"/>
    <package name="com.ibatis.sqlmap.engine.mapping.statement"/>
    <package name="com.ibatis.sqlmap.engine.mapping.sql.simple"/>
    <package name="com.ibatis.sqlmap.engine.mapping.sql"/>
    <package name="com.ibatis.sqlmap.engine.mapping.sql.stat"/>
    <package name="com.ibatis.sqlmap.engine.mapping.sql.dynamic.elements"/>
    <package name="com.ibatis.sqlmap.engine.mapping.sql.dynamic"/>
    <package name="com.ibatis.sqlmap.engine.mapping.parameter"/>
    <package name="com.ibatis.sqlmap.engine.mapping.result"/>
    <package name="com.ibatis.sqlmap.engine.mapping.result.loader"/>
    <package name="com.ibatis.sqlmap.engine.type"/>
    <package name="com.ibatis.sqlmap.engine.cache.lru"/>
    <package name="com.ibatis.sqlmap.engine.cache"/>
    <package name="com.ibatis.sqlmap.engine.cache.fifo"/>
    <package name="com.ibatis.sqlmap.engine.cache.memory"/>
    <package name="com.ibatis.sqlmap.engine.cache.oscache"/>
    <package name="com.ibatis.sqlmap.engine.impl"/>
    <package name="com.ibatis.sqlmap.engine.accessplan"/>
    <package name="com.ibatis.sqlmap.engine.builder.xml"/>
    <package name="com.ibatis.sqlmap.engine.datasource"/>
    <package name="com.ibatis.sqlmap.engine.execution"/>
    <package name="com.ibatis.sqlmap.engine.exchange"/>
    <package name="com.ibatis.sqlmap.engine.scope"/>
    <package name="com.ibatis.sqlmap.engine.transaction"/>
    <package name="com.ibatis.sqlmap.engine.transaction.external"/>
    <package name="com.ibatis.sqlmap.engine.transaction.user"/>
    <package name="com.ibatis.sqlmap.engine.transaction.jta"/>
    <package name="com.ibatis.sqlmap.engine.transaction.jdbc"/>
    <package name="com.ibatis.common.logging.nologging"/>
    <package name="com.ibatis.common.logging.jakarta"/>
    <package name="com.ibatis.common.logging.jdk14"/>
    <package name="com.ibatis.common.logging.log4j"/>
    <package name="com.ibatis.common.logging"/>
    <package name="com.ibatis.common.xml"/>
    <package name="com.ibatis.common.beans"/>
    <package name="com.ibatis.common.io"/>
    <package name="com.ibatis.common.resources"/>
    <package name="com.ibatis.common.util"/>
    <package name="com.ibatis.common.jdbc.logging"/>
    <package name="com.ibatis.common.jdbc.exception"/>
    <package name="com.ibatis.common.jdbc"/>
    <package name="com.android.internal.util"/>
    <package name="com.tl.uic"/>
    <package name="com.tl.uic.javascript"/>
    <package name="com.tl.uic.model"/>
    <package name="com.tl.uic.webkit"/>
    <package name="com.tl.uic.util"/>
    <package name="com.webobjectsexamples.petstore"/>
    <package name="com.sun.jdi.connect"/>
    <package name="com.sun.jdi.request"/>
    <package name="com.sun.jdi.event"/>
    <package name="com.sun.jdi"/>
    <package name="com.sun.rmi.rmid"/>
    <package name="com.sun.corba.se.internal.PCosNaming"/>
    <package name="com.sun.corba.se.internal.CosNaming"/>
    <package name="com.sun.corba.se.internal.iiop"/>
    <package name="com.sun.corba.se.internal.iiop.messages"/>
    <package name="com.sun.corba.se.internal.core"/>
    <package name="com.sun.corba.se.internal.orbutil"/>
    <package name="com.sun.corba.se.internal.orbutil.resources"/>
    <package name="com.sun.corba.se.internal.corba"/>
    <package name="com.sun.corba.se.internal.io"/>
    <package name="com.sun.corba.se.internal.DynamicAny"/>
    <package name="com.sun.corba.se.internal.javax.rmi.CORBA"/>
    <package name="com.sun.corba.se.internal.javax.rmi"/>
    <package name="com.sun.corba.se.internal.ior"/>
    <package name="com.sun.corba.se.internal.POA"/>
    <package name="com.sun.corba.se.internal.Activation"/>
    <package name="com.sun.corba.se.internal.Interceptors"/>
    <package name="com.sun.corba.se.internal.util"/>
    <package name="com.sun.corba.se.connection"/>
    <package name="com.sun.corba.se.org.omg.CORBA"/>
    <package name="com.sun.corba.se.interceptor"/>
    <package name="com.sun.corba.se.ActivationIDL.LocatorPackage"/>
    <package name="com.sun.corba.se.ActivationIDL"/>
    <package name="com.sun.corba.se.ActivationIDL.InitialNameServicePackage"/>
    <package name="com.sun.corba.se.ActivationIDL.RepositoryPackage"/>
    <package name="com.sun.corba.se.extension"/>
    <package name="com.sun.corba.se.impl.copyobject"/>
    <package name="com.sun.corba.se.impl.transport"/>
    <package name="com.sun.corba.se.impl.interceptors"/>
    <package name="com.sun.corba.se.impl.logging"/>
    <package name="com.sun.corba.se.impl.orbutil.fsm"/>
    <package name="com.sun.corba.se.impl.orbutil.threadpool"/>
    <package name="com.sun.corba.se.impl.orbutil.concurrent"/>
    <package name="com.sun.corba.se.impl.orbutil.graph"/>
    <package name="com.sun.corba.se.impl.orbutil"/>
    <package name="com.sun.corba.se.impl.orbutil.closure"/>
    <package name="com.sun.corba.se.impl.corba"/>
    <package name="com.sun.corba.se.impl.presentation.rmi"/>
    <package name="com.sun.corba.se.impl.io"/>
    <package name="com.sun.corba.se.impl.monitoring"/>
    <package name="com.sun.corba.se.impl.legacy.connection"/>
    <package name="com.sun.corba.se.impl.javax.rmi.CORBA"/>
    <package name="com.sun.corba.se.impl.javax.rmi"/>
    <package name="com.sun.corba.se.impl.ior.iiop"/>
    <package name="com.sun.corba.se.impl.ior"/>
    <package name="com.sun.corba.se.impl.orb"/>
    <package name="com.sun.corba.se.impl.oa"/>
    <package name="com.sun.corba.se.impl.oa.poa"/>
    <package name="com.sun.corba.se.impl.oa.toa"/>
    <package name="com.sun.corba.se.impl.encoding"/>
    <package name="com.sun.corba.se.impl.naming.cosnaming"/>
    <package name="com.sun.corba.se.impl.naming.namingutil"/>
    <package name="com.sun.corba.se.impl.naming.pcosnaming"/>
    <package name="com.sun.corba.se.impl.dynamicany"/>
    <package name="com.sun.corba.se.impl.activation"/>
    <package name="com.sun.corba.se.impl.resolver"/>
    <package name="com.sun.corba.se.impl.protocol.giopmsgheaders"/>
    <package name="com.sun.corba.se.impl.protocol"/>
    <package name="com.sun.corba.se.impl.util"/>
    <package name="com.sun.corba.se.pept.transport"/>
    <package name="com.sun.corba.se.pept.broker"/>
    <package name="com.sun.corba.se.pept.encoding"/>
    <package name="com.sun.corba.se.pept.protocol"/>
    <package name="com.sun.corba.se.spi.copyobject"/>
    <package name="com.sun.corba.se.spi.transport"/>
    <package name="com.sun.corba.se.spi.logging"/>
    <package name="com.sun.corba.se.spi.orbutil.fsm"/>
    <package name="com.sun.corba.se.spi.orbutil.threadpool"/>
    <package name="com.sun.corba.se.spi.orbutil.proxy"/>
    <package name="com.sun.corba.se.spi.orbutil.closure"/>
    <package name="com.sun.corba.se.spi.presentation.rmi"/>
    <package name="com.sun.corba.se.spi.servicecontext"/>
    <package name="com.sun.corba.se.spi.monitoring"/>
    <package name="com.sun.corba.se.spi.legacy.connection"/>
    <package name="com.sun.corba.se.spi.legacy.interceptor"/>
    <package name="com.sun.corba.se.spi.ior.iiop"/>
    <package name="com.sun.corba.se.spi.ior"/>
    <package name="com.sun.corba.se.spi.orb"/>
    <package name="com.sun.corba.se.spi.oa"/>
    <package name="com.sun.corba.se.spi.extension"/>
    <package name="com.sun.corba.se.spi.encoding"/>
    <package name="com.sun.corba.se.spi.activation.LocatorPackage"/>
    <package name="com.sun.corba.se.spi.activation.InitialNameServicePackage"/>
    <package name="com.sun.corba.se.spi.activation"/>
    <package name="com.sun.corba.se.spi.activation.RepositoryPackage"/>
    <package name="com.sun.corba.se.spi.resolver"/>
    <package name="com.sun.corba.se.spi.protocol"/>
    <package name="com.sun.org.apache.regexp.internal"/>
    <package name="com.sun.org.apache.xml.internal.utils"/>
    <package name="com.sun.org.apache.xml.internal.utils.res"/>
    <package name="com.sun.org.apache.xml.internal.serialize"/>
    <package name="com.sun.org.apache.xml.internal.serializer"/>
    <package name="com.sun.org.apache.xml.internal.res"/>
    <package name="com.sun.org.apache.xml.internal.dtm"/>
    <package name="com.sun.org.apache.xml.internal.dtm.ref"/>
    <package name="com.sun.org.apache.xml.internal.dtm.ref.dom2dtm"/>
    <package name="com.sun.org.apache.xml.internal.dtm.ref.sax2dtm"/>
    <package name="com.sun.org.apache.bcel.internal.generic"/>
    <package name="com.sun.org.apache.bcel.internal"/>
    <package name="com.sun.org.apache.bcel.internal.verifier.structurals"/>
    <package name="com.sun.org.apache.bcel.internal.verifier"/>
    <package name="com.sun.org.apache.bcel.internal.verifier.statics"/>
    <package name="com.sun.org.apache.bcel.internal.verifier.exc"/>
    <package name="com.sun.org.apache.bcel.internal.classfile"/>
    <package name="com.sun.org.apache.bcel.internal.util"/>
    <package name="com.sun.org.apache.xerces.internal.parsers"/>
    <package name="com.sun.org.apache.xerces.internal.xs"/>
    <package name="com.sun.org.apache.xerces.internal.dom"/>
    <package name="com.sun.org.apache.xerces.internal.dom.events"/>
    <package name="com.sun.org.apache.xerces.internal.xinclude"/>
    <package name="com.sun.org.apache.xerces.internal.xni"/>
    <package name="com.sun.org.apache.xerces.internal.xni.parser"/>
    <package name="com.sun.org.apache.xerces.internal.xni.grammars"/>
    <package name="com.sun.org.apache.xerces.internal.dom3.as"/>
    <package name="com.sun.org.apache.xerces.internal.impl.msg"/>
    <package name="com.sun.org.apache.xerces.internal.impl"/>
    <package name="com.sun.org.apache.xerces.internal.impl.xs.dom"/>
    <package name="com.sun.org.apache.xerces.internal.impl.xs.identity"/>
    <package name="com.sun.org.apache.xerces.internal.impl.xs.opti"/>
    <package name="com.sun.org.apache.xerces.internal.impl.xs.models"/>
    <package name="com.sun.org.apache.xerces.internal.impl.xs.traversers"/>
    <package name="com.sun.org.apache.xerces.internal.impl.xs.util"/>
    <package name="com.sun.org.apache.xerces.internal.impl.xs"/>
    <package name="com.sun.org.apache.xerces.internal.impl.io"/>
    <package name="com.sun.org.apache.xerces.internal.impl.xpath.regex"/>
    <package name="com.sun.org.apache.xerces.internal.impl.xpath"/>
    <package name="com.sun.org.apache.xerces.internal.impl.validation"/>
    <package name="com.sun.org.apache.xerces.internal.impl.dtd"/>
    <package name="com.sun.org.apache.xerces.internal.impl.dtd.models"/>
    <package name="com.sun.org.apache.xerces.internal.impl.dv.xs"/>
    <package name="com.sun.org.apache.xerces.internal.impl.dv"/>
    <package name="com.sun.org.apache.xerces.internal.impl.dv.util"/>
    <package name="com.sun.org.apache.xerces.internal.impl.dv.dtd"/>
    <package name="com.sun.org.apache.xerces.internal.jaxp.datatype"/>
    <package name="com.sun.org.apache.xerces.internal.jaxp"/>
    <package name="com.sun.org.apache.xerces.internal.jaxp.validation.xs"/>
    <package name="com.sun.org.apache.xerces.internal.jaxp.validation"/>
    <package name="com.sun.org.apache.xerces.internal.util"/>
    <package name="com.sun.org.apache.xpath.internal.compiler"/>
    <package name="com.sun.org.apache.xpath.internal"/>
    <package name="com.sun.org.apache.xpath.internal.objects"/>
    <package name="com.sun.org.apache.xpath.internal.operations"/>
    <package name="com.sun.org.apache.xpath.internal.res"/>
    <package name="com.sun.org.apache.xpath.internal.axes"/>
    <package name="com.sun.org.apache.xpath.internal.jaxp"/>
    <package name="com.sun.org.apache.xpath.internal.patterns"/>
    <package name="com.sun.org.apache.xpath.internal.functions"/>
    <package name="com.sun.org.apache.wml.internal.dom"/>
    <package name="com.sun.org.apache.wml.internal"/>
    <package name="com.sun.org.apache.xalan.internal.xslt"/>
    <package name="com.sun.org.apache.xalan.internal.extensions"/>
    <package name="com.sun.org.apache.xalan.internal.xsltc.compiler"/>
    <package name="com.sun.org.apache.xalan.internal.xsltc.compiler.util"/>
    <package name="com.sun.org.apache.xalan.internal.xsltc.cmdline.getopt"/>
    <package name="com.sun.org.apache.xalan.internal.xsltc.cmdline"/>
    <package name="com.sun.org.apache.xalan.internal.xsltc.dom"/>
    <package name="com.sun.org.apache.xalan.internal.xsltc.runtime"/>
    <package name="com.sun.org.apache.xalan.internal.xsltc.runtime.output"/>
    <package name="com.sun.org.apache.xalan.internal.xsltc.trax"/>
    <package name="com.sun.org.apache.xalan.internal.xsltc"/>
    <package name="com.sun.org.apache.xalan.internal.xsltc.util"/>
    <package name="com.sun.org.apache.xalan.internal.templates"/>
    <package name="com.sun.org.apache.xalan.internal.lib"/>
    <package name="com.sun.org.apache.xalan.internal.res"/>
    <package name="com.sun.org.apache.xalan.internal.client"/>
    <package name="com.sun.org.apache.xalan.internal"/>
    <package name="com.sun.org.apache.html.internal.dom"/>
    <package name="com.sun.org.omg.CORBA.ValueDefPackage"/>
    <package name="com.sun.org.omg.CORBA"/>
    <package name="com.sun.org.omg.CORBA.portable"/>
    <package name="com.sun.org.omg.SendingContext.CodeBasePackage"/>
    <package name="com.sun.org.omg.SendingContext"/>
    <package name="com.sun.swing.internal.plaf.metal.resources"/>
    <package name="com.sun.swing.internal.plaf.synth.resources"/>
    <package name="com.sun.swing.internal.plaf.basic.resources"/>
    <package name="com.sun.beans"/>
    <package name="com.sun.imageio.plugins.bmp"/>
    <package name="com.sun.imageio.plugins.gif"/>
    <package name="com.sun.imageio.plugins.wbmp"/>
    <package name="com.sun.imageio.plugins.png"/>
    <package name="com.sun.imageio.plugins.jpeg"/>
    <package name="com.sun.imageio.plugins.common"/>
    <package name="com.sun.imageio.metadata"/>
    <package name="com.sun.imageio.stream"/>
    <package name="com.sun.imageio.spi"/>
    <package name="com.sun.crypto.provider"/>
    <package name="com.sun.javadoc"/>
    <package name="com.sun.java.swing"/>
    <package name="com.sun.java.swing.plaf.gtk.resources"/>
    <package name="com.sun.java.swing.plaf.gtk"/>
    <package name="com.sun.java.swing.plaf.windows"/>
    <package name="com.sun.java.swing.plaf.windows.resources"/>
    <package name="com.sun.java.swing.plaf.motif.resources"/>
    <package name="com.sun.java.swing.plaf.motif"/>
    <package name="com.sun.java.browser.dom"/>
    <package name="com.sun.java.browser.net"/>
    <package name="com.sun.java.util.jar.pack"/>
    <package name="com.sun.java_cup.internal"/>
    <package name="com.sun.java_cup.internal.runtime"/>
    <package name="com.sun.jlex.internal"/>
    <package name="com.sun.management"/>
    <package name="com.sun.management.jmx"/>
    <package name="com.sun.accessibility.internal.resources"/>
    <package name="com.sun.naming.internal"/>
    <package name="com.sun.jndi.rmi.registry"/>
    <package name="com.sun.jndi.toolkit.ctx"/>
    <package name="com.sun.jndi.toolkit.dir"/>
    <package name="com.sun.jndi.toolkit.corba"/>
    <package name="com.sun.jndi.toolkit.url"/>
    <package name="com.sun.jndi.cosnaming"/>
    <package name="com.sun.jndi.ldap"/>
    <package name="com.sun.jndi.ldap.sasl"/>
    <package name="com.sun.jndi.ldap.ext"/>
    <package name="com.sun.jndi.ldap.pool"/>
    <package name="com.sun.jndi.dns"/>
    <package name="com.sun.jndi.url.iiop"/>
    <package name="com.sun.jndi.url.rmi"/>
    <package name="com.sun.jndi.url.iiopname"/>
    <package name="com.sun.jndi.url.ldap"/>
    <package name="com.sun.jndi.url.ldaps"/>
    <package name="com.sun.jndi.url.dns"/>
    <package name="com.sun.jndi.url.corbaname"/>
    <package name="com.sun.tools.jdi"/>
    <package name="com.sun.tools.jdi.resources"/>
    <package name="com.sun.tools.corba.se.idl.toJavaPortable"/>
    <package name="com.sun.tools.corba.se.idl"/>
    <package name="com.sun.tools.corba.se.idl.som.cff"/>
    <package name="com.sun.tools.corba.se.idl.som.idlemit"/>
    <package name="com.sun.tools.corba.se.idl.constExpr"/>
    <package name="com.sun.tools.javah"/>
    <package name="com.sun.tools.javah.oldjavah"/>
    <package name="com.sun.tools.doclets.standard.tags"/>
    <package name="com.sun.tools.doclets.standard.resources"/>
    <package name="com.sun.tools.doclets.standard"/>
    <package name="com.sun.tools.doclets"/>
    <package name="com.sun.tools.doclets.resources"/>
    <package name="com.sun.tools.javadoc"/>
    <package name="com.sun.tools.javadoc.resources"/>
    <package name="com.sun.tools.javac"/>
    <package name="com.sun.tools.javac.v8.code"/>
    <package name="com.sun.tools.javac.v8"/>
    <package name="com.sun.tools.javac.v8.resources"/>
    <package name="com.sun.tools.javac.v8.parser"/>
    <package name="com.sun.tools.javac.v8.comp"/>
    <package name="com.sun.tools.javac.v8.util"/>
    <package name="com.sun.tools.javac.v8.tree"/>
    <package name="com.sun.tools.example.debug.tty"/>
    <package name="com.sun.tools.example.debug.expr"/>
    <package name="com.sun.tools.extcheck"/>
    <package name="com.sun.net.ssl"/>
    <package name="com.sun.net.ssl.internal.ssl"/>
    <package name="com.sun.media.sound"/>
    <package name="com.sun.image.codec.jpeg"/>
    <package name="com.sun.rowset.internal"/>
    <package name="com.sun.rowset"/>
    <package name="com.sun.rowset.providers"/>
    <package name="com.sun.jmx.interceptor"/>
    <package name="com.sun.jmx.snmp"/>
    <package name="com.sun.jmx.snmp.internal"/>
    <package name="com.sun.jmx.snmp.daemon"/>
    <package name="com.sun.jmx.snmp.IPAcl"/>
    <package name="com.sun.jmx.snmp.defaults"/>
    <package name="com.sun.jmx.snmp.tasks"/>
    <package name="com.sun.jmx.snmp.agent"/>
    <package name="com.sun.jmx.snmp.mpm"/>
    <package name="com.sun.jmx.remote.internal"/>
    <package name="com.sun.jmx.remote.protocol.iiop"/>
    <package name="com.sun.jmx.remote.protocol.rmi"/>
    <package name="com.sun.jmx.remote.util"/>
    <package name="com.sun.jmx.remote.security"/>
    <package name="com.sun.jmx.mbeanserver"/>
    <package name="com.sun.jmx.trace"/>
    <package name="com.sun.security.jgss"/>
    <package name="com.sun.security.sasl"/>
    <package name="com.sun.security.sasl.gsskerb"/>
    <package name="com.sun.security.sasl.util"/>
    <package name="com.sun.security.sasl.digest"/>
    <package name="com.sun.security.auth.module"/>
    <package name="com.sun.security.auth.callback"/>
    <package name="com.sun.security.auth.login"/>
    <package name="com.sun.security.auth"/>
    <package name="com.webobjects.foundation"/>
    <package name="com.webobjects.eoaccess"/>
    <package name="com.webobjects.woextensions"/>
    <package name="com.webobjects.appserver"/>
    <package name="com.webobjects.eocontrol"/>
    <package name="com.google.gwt.xml.client.impl"/>
    <package name="com.google.gwt.xml.client"/>
    <package name="com.google.gwt.core.ext.typeinfo"/>
    <package name="com.google.gwt.core.ext"/>
    <package name="com.google.gwt.core.client"/>
    <package name="com.google.gwt.i18n.rebind.util"/>
    <package name="com.google.gwt.i18n.rebind"/>
    <package name="com.google.gwt.i18n.tools"/>
    <package name="com.google.gwt.i18n.client"/>
    <package name="com.google.gwt.i18n.client.impl"/>
    <package name="com.google.gwt.i18n.client.constants"/>
    <package name="com.google.gwt.junit.server"/>
    <package name="com.google.gwt.junit.benchmarks"/>
    <package name="com.google.gwt.junit.viewer.server"/>
    <package name="com.google.gwt.junit.viewer.client"/>
    <package name="com.google.gwt.junit"/>
    <package name="com.google.gwt.junit.remote"/>
    <package name="com.google.gwt.junit.rebind"/>
    <package name="com.google.gwt.junit.tools"/>
    <package name="com.google.gwt.junit.client.impl"/>
    <package name="com.google.gwt.junit.client"/>
    <package name="com.google.gwt.http.client"/>
    <package name="com.google.gwt.user.server.rpc.impl"/>
    <package name="com.google.gwt.user.server.rpc"/>
    <package name="com.google.gwt.user.rebind.ui"/>
    <package name="com.google.gwt.user.rebind"/>
    <package name="com.google.gwt.user.rebind.rpc"/>
    <package name="com.google.gwt.user.tools"/>
    <package name="com.google.gwt.user.tools.util"/>
    <package name="com.google.gwt.user.client.impl"/>
    <package name="com.google.gwt.user.client.ui.impl"/>
    <package name="com.google.gwt.user.client.ui"/>
    <package name="com.google.gwt.user.client.rpc.core.java.lang"/>
    <package name="com.google.gwt.user.client.rpc.core.java.util"/>
    <package name="com.google.gwt.user.client.rpc"/>
    <package name="com.google.gwt.user.client.rpc.impl"/>
    <package name="com.google.gwt.json.client"/>
    <package name="com.google.gwt.dev"/>
    <package name="com.google.gwt.dev.jjs.ast"/>
    <package name="com.google.gwt.dev.jjs.ast.js"/>
    <package name="com.google.gwt.dev.jjs.impl"/>
    <package name="com.google.gwt.dev.jjs"/>
    <package name="com.google.gwt.dev.cfg"/>
    <package name="com.google.gwt.dev.shell.tomcat"/>
    <package name="com.google.gwt.dev.shell"/>
    <package name="com.google.gwt.dev.shell.ie"/>
    <package name="com.google.gwt.dev.jdt"/>
    <package name="com.google.gwt.dev.generator.ast"/>
    <package name="com.google.gwt.dev.generator"/>
    <package name="com.google.gwt.dev.util.msg"/>
    <package name="com.google.gwt.dev.util.xml"/>
    <package name="com.google.gwt.dev.util.log"/>
    <package name="com.google.gwt.dev.util.arg"/>
    <package name="com.google.gwt.dev.util"/>
    <package name="com.google.gwt.dev.js.ast"/>
    <package name="com.google.gwt.dev.js"/>
    <package name="com.google.gwt.dev.js.rhino"/>
    <package name="com.google.gwt.util.tools"/>
    <package name="com.google.android.gcm"/>
    <package name="com.google.common.base.internal"/>
    <package name="com.google.common.hash"/>
    <package name="com.google.common.collect"/>
    <package name="com.google.common.primitives"/>
    <package name="com.google.common.net"/>
    <package name="com.google.common.math"/>
    <package name="com.ibm.wsdl.extensions.mime"/>
    <package name="com.ibm.wsdl.extensions.schema"/>
    <package name="com.ibm.wsdl.extensions.http"/>
    <package name="com.ibm.wsdl.extensions"/>
    <package name="com.ibm.wsdl.extensions.soap"/>
    <package name="com.ibm.wsdl.xml"/>
    <package name="com.ibm.wsdl"/>
    <package name="com.ibm.wsdl.factory"/>
    <package name="com.ibm.wsdl.util.xml"/>
    <package name="com.ibm.wsdl.util"/>
    <package name="com.loopj.android.http"/>
    <package name="com.keypoint"/>
    <package name="com.worklight.androidgap.plugin"/>
    <package name="com.worklight.androidgap.push"/>
    <package name="com.worklight.androidgap.jsonstore.util"/>
    <package name="com.worklight.androidgap.jsonstore.security"/>
    <package name="com.worklight.androidgap.fips"/>
    <package name="com.worklight.utils"/>
    <package name="com.worklight.push"/>
    <package name="com.worklight.jsonstore.database"/>
    <package name="com.worklight.jsonstore.exceptions"/>
    <package name="com.worklight.jsonstore.api"/>
    <package name="com.worklight.jsonstore.jackson"/>
    <package name="com.worklight.jsonstore.util"/>
    <package name="com.worklight.wlclient.api.challengehandler"/>
    <package name="com.worklight.wlclient.api"/>
    <package name="com.worklight.wlclient.challengehandler"/>
    <package name="com.worklight.wlclient.push"/>
    <package name="com.worklight.wlclient"/>
    <package name="com.worklight.wlclient.ui"/>
    <package name="com.worklight.wlclient.fips"/>
    <package name="com.worklight.nativeandroid.common"/>
    <package name="com.worklight.location.internal.nativeImpl"/>
    <package name="com.worklight.location.internal.geo.nativeImpl"/>
    <package name="com.worklight.location.internal.geo"/>
    <package name="com.worklight.location.internal"/>
    <package name="com.worklight.common.internal"/>
    <package name="com.worklight.common.security"/>
    <package name="com.worklight.common"/>
    <package name="com.squareup.okhttp.internal.spdy"/>
    <package name="com.lowagie.bc.asn1"/>
    <package name="com.lowagie.tools.plugins"/>
    <package name="com.lowagie.tools.plugins.treeview"/>
    <package name="com.lowagie.tools"/>
    <package name="com.lowagie.tools.arguments"/>
    <package name="com.lowagie.text.xml"/>
    <package name="com.lowagie.text.xml.xmp"/>
    <package name="com.lowagie.text.rtf.graphic"/>
    <package name="com.lowagie.text.rtf.headerfooter"/>
    <package name="com.lowagie.text.rtf.document.output"/>
    <package name="com.lowagie.text.rtf.document"/>
    <package name="com.lowagie.text.rtf.table"/>
    <package name="com.lowagie.text.rtf.direct"/>
    <package name="com.lowagie.text.rtf"/>
    <package name="com.lowagie.text.rtf.text"/>
    <package name="com.lowagie.text.rtf.style"/>
    <package name="com.lowagie.text.rtf.field"/>
    <package name="com.lowagie.text.rtf.list"/>
    <package name="com.lowagie.text.markup"/>
    <package name="com.lowagie.text.pdf.codec.postscript"/>
    <package name="com.lowagie.text.pdf.codec"/>
    <package name="com.lowagie.text.pdf.codec.wmf"/>
    <package name="com.lowagie.text.pdf.hyphenation"/>
    <package name="com.lowagie.text.pdf"/>
    <package name="com.lowagie.text.pdf.events"/>
    <package name="com.lowagie.text.pdf.fonts"/>
    <package name="com.lowagie.text"/>
    <package name="com.lowagie.text.html"/>
    <package name="com.lowagie.text.html.simpleparser"/>
    <package name="weblogicx.xml.tags"/>
    <package name="weblogicx.jsp.tags"/>
    <package name="weblogicx.jsp.tags.validators"/>
  </packages>
  <classes/>
  <methods>
    <method name="&lt;automatic_callback_source&gt;(...):void"/>
    <method name="&lt;external_source&gt;(...):void"/>
    <method name="&lt;external_taint&gt;(...):java.lang.String"/>
  </methods>
</Exclusions>